ACSC-2A---,MMACS12---
MAC--11---,MACC-12---
MACLV11---,MACLV12---
MADD-09---,MTDRF10---,MTDRF11---,MTDRF12---
MADER09---,MTEAR10---,MTROB11---,MTROB12---
MADGE09---,MENR-11---,MENR-12---,MTEXP10---
MADIT09---,MWBDV10IT-
MADT-09---,MTXT-10---,MTXT-11---,MTXT-12---
MADW-09---,MWWK-10---,MWWK-11---,MWWK-12---
MBSP-11---,MSP--09---
MCMCC11--L,MCMCC12--L,MMUCC10--L,XC---09--L
MCMPR11---,MCMPR12---
MDCF-10---,MDCF-11---,MDCF-12---,MDNC-09F--
MDNC-09C-L,MDNC-10--L,MDNC-11--L,MDNC-12--L
MDNC-09H--,MDNCN11---,MDNCN12---,MIDS-0B---
MDNC-09M-L,MDNCM10--L,MDNCM11--L,MDNCM12--L
MDNTP10---,MDNC-09PT-
MDNTP11---,MDNTP12---
MDR--09---,MDRM-10---
MDRM-10---,MDRM-11---,MDRM-12---
MDRM-11---,MDRM-12---
MFOOD11---,MFOOD12---
MFR--09---,MFR--10---
MFR--11---,MFR--12---
MFTCD11---,MFTCD12---
MIMCB11--L,MIMCB12--L
MIMJB11--L,MIMJB12--L
MMACS11---,MMACS12---
MMEDD10---,MMEDD11---,MMEDD12---
MMUOR10S-L,MMUOR11S-L,MMUOR12S-L,XLDCB09S-L
MODED11---,MODED12---,YPR--0BX--
MPHE-09---,MPHED10---
MPHE-09B--,MPHED10B--
MPHE-09G--,MPHED10G--
MPHE-09Y--,YPA--0CX--,YPA--1CX--,YPA--2CX--
MSP--10---,MSP--11---
MSP--11---,MSP--12---
MTAUT11---,MTAUT12---
MTDRF12---,MADD-09---,MTDRF10---,MTDRF11---
MTPOW10---,XLDCB09M--
MVAPH10---,MVAPH11---,MVAPH12---
MVAST10---,MVA--09---,MVAST11---,MVAST12---
MVAST11---,MVAST12---,MVAST10---
XBA--09B-L,XBA--09C-L
YCPA-0AX-L,YCPA-1AX-L,YCPA-2AX-L
YCPA-0AXE-,YCPA-1AXE-,YCPA-2AXE-
YED--0BX-L,YED--1EX-L,YED--2DX-L
